<?xml version="1.0" encoding="UTF-8"?><MD_Metadata xmlns:xlink="http://www.w3.org/1999/xlink" xmlns:srv="http://www.isotc211.org/2005/srv" xmlns:gts="http://www.isotc211.org/2005/gts" xmlns:xalan="http://xml.apache.org/xalan" xmlns:gco="http://www.isotc211.org/2005/gco" xmlns:gml="http://www.opengis.net/gml" xmlns:xsi="http://www.w3.org/2001/XMLSchema-instance" xmlns="http://www.isotc211.org/2005/gmd">
    <fileIdentifier>
        <gco:CharacterString>1574879168128r4216514969313485</gco:CharacterString>
    </fileIdentifier>
    <language>
        <LanguageCode codeList="http://www.loc.gov/standards/iso639-2/php/code_list.php" codeListValue="eng" codeSpace="ISO639-2">eng</LanguageCode>
    </language>
    <characterSet>
        <MD_CharacterSetCode codeList="http://www.isotc211.org/2005/resources/Codelist/gmxCodelists.xml#MD_CharacterSetCode" codeListValue="utf8" codeSpace="ISOTC211/19115">utf8</MD_CharacterSetCode>
    </characterSet>
    <hierarchyLevel>
        <MD_ScopeCode codeList="http://www.isotc211.org/2005/resources/Codelist/gmxCodelists.xml#MD_ScopeCode" codeListValue="dataset" codeSpace="ISOTC211/19115">dataset</MD_ScopeCode>
    </hierarchyLevel>
    <hierarchyLevelName>
        <gco:CharacterString>dataset</gco:CharacterString>
    </hierarchyLevelName>
    <contact>
        <CI_ResponsibleParty>
            <organisationName>
                <gco:CharacterString>New York City Department of City Planning</gco:CharacterString>
            </organisationName>
            <contactInfo>
                <CI_Contact>
                    <address>
                        <CI_Address>
                            <deliveryPoint>
                                <gco:CharacterString>120 Broadway, 31st Floor</gco:CharacterString>
                            </deliveryPoint>
                            <city>
                                <gco:CharacterString>New York</gco:CharacterString>
                            </city>
                            <administrativeArea>
                                <gco:CharacterString>New York</gco:CharacterString>
                            </administrativeArea>
                            <postalCode>
                                <gco:CharacterString>10271</gco:CharacterString>
                            </postalCode>
                            <country>
                                <Country codeList="http://www.iso.org/iso/country_codes/iso_3166_code_lists.htm" codeListValue="US" codeSpace="ISO3166-1">US</Country>
                            </country>
                        </CI_Address>
                    </address>
                </CI_Contact>
            </contactInfo>
            <role>
                <CI_RoleCode codeList="http://www.isotc211.org/2005/resources/Codelist/gmxCodelists.xml#CI_RoleCode" codeListValue="pointOfContact" codeSpace="ISOTC211/19115">pointOfContact</CI_RoleCode>
            </role>
        </CI_ResponsibleParty>
    </contact>
    <dateStamp>
        <gco:Date>2019-11-26</gco:Date>
    </dateStamp>
    <metadataStandardName>
        <gco:CharacterString>ISO 19139 Geographic Information - Metadata - Implementation Specification</gco:CharacterString>
    </metadataStandardName>
    <metadataStandardVersion>
        <gco:CharacterString>2007</gco:CharacterString>
    </metadataStandardVersion>
    <spatialRepresentationInfo>
        <MD_VectorSpatialRepresentation>
            <topologyLevel>
                <MD_TopologyLevelCode codeList="http://www.isotc211.org/2005/resources/Codelist/gmxCodelists.xml#MD_TopologyLevelCode" codeListValue="geometryOnly" codeSpace="ISOTC211/19115">geometryOnly</MD_TopologyLevelCode>
            </topologyLevel>
            <geometricObjects>
                <MD_GeometricObjects>
                    <geometricObjectType>
                        <MD_GeometricObjectTypeCode codeList="http://www.isotc211.org/2005/resources/Codelist/gmxCodelists.xml#MD_GeometricObjectTypeCode" codeListValue="composite" codeSpace="ISOTC211/19115">composite</MD_GeometricObjectTypeCode>
                    </geometricObjectType>
                </MD_GeometricObjects>
            </geometricObjects>
        </MD_VectorSpatialRepresentation>
    </spatialRepresentationInfo>
    <referenceSystemInfo>
        <MD_ReferenceSystem>
            <referenceSystemIdentifier>
                <RS_Identifier>
                    <code>
                        <gco:CharacterString>2263</gco:CharacterString>
                    </code>
                    <codeSpace>
                        <gco:CharacterString>EPSG</gco:CharacterString>
                    </codeSpace>
                    <version>
                        <gco:CharacterString>5.3(9.0.0)</gco:CharacterString>
                    </version>
                </RS_Identifier>
            </referenceSystemIdentifier>
        </MD_ReferenceSystem>
    </referenceSystemInfo>
    <identificationInfo>
        <MD_DataIdentification>
            <citation>
                <CI_Citation>
                    <title>
                        <gco:CharacterString>New York City Borough Boundary Water Included</gco:CharacterString>
                    </title>
                    <date>
                        <CI_Date>
                            <date>
                                <gco:DateTime>2019-10-23T13:14:14</gco:DateTime>
                            </date>
                            <dateType>
                                <CI_DateTypeCode codeList="http://www.isotc211.org/2005/resources/Codelist/gmxCodelists.xml#CI_DateTypeCode" codeListValue="creation" codeSpace="ISOTC211/19115">creation</CI_DateTypeCode>
                            </dateType>
                        </CI_Date>
                    </date>
                    <date>
                        <CI_Date>
                            <date>
                                <gco:DateTime>2019-11-18T13:14:38</gco:DateTime>
                            </date>
                            <dateType>
                                <CI_DateTypeCode codeList="http://www.isotc211.org/2005/resources/Codelist/gmxCodelists.xml#CI_DateTypeCode" codeListValue="publication" codeSpace="ISOTC211/19115">publication</CI_DateTypeCode>
                            </dateType>
                        </CI_Date>
                    </date>
                    <edition>
                        <gco:CharacterString>19D</gco:CharacterString>
                    </edition>
                    <citedResponsibleParty>
                        <CI_ResponsibleParty>
                            <organisationName>
                                <gco:CharacterString>New York City Department of City Planning</gco:CharacterString>
                            </organisationName>
                            <role>
                                <CI_RoleCode codeList="http://www.isotc211.org/2005/resources/Codelist/gmxCodelists.xml#CI_RoleCode" codeListValue="originator" codeSpace="ISOTC211/19115">originator</CI_RoleCode>
                            </role>
                        </CI_ResponsibleParty>
                    </citedResponsibleParty>
                    <citedResponsibleParty>
                        <CI_ResponsibleParty>
                            <organisationName>
                                <gco:CharacterString>City of New York Department of City Planning</gco:CharacterString>
                            </organisationName>
                            <role>
                                <CI_RoleCode codeList="http://www.isotc211.org/2005/resources/Codelist/gmxCodelists.xml#CI_RoleCode" codeListValue="publisher" codeSpace="ISOTC211/19115">publisher</CI_RoleCode>
                            </role>
                        </CI_ResponsibleParty>
                    </citedResponsibleParty>
                    <presentationForm>
                        <CI_PresentationFormCode codeList="http://www.isotc211.org/2005/resources/Codelist/gmxCodelists.xml#CI_PresentationFormCode" codeListValue="mapDigital" codeSpace="ISOTC211/19115">mapDigital</CI_PresentationFormCode>
                    </presentationForm>
                    <series>
                        <CI_Series>
                            <name>
                                <gco:CharacterString>BYTES of the BIG APPLE</gco:CharacterString>
                            </name>
                            <issueIdentification>
                                <gco:CharacterString>19D</gco:CharacterString>
                            </issueIdentification>
                        </CI_Series>
                    </series>
                    <otherCitationDetails>
                        <gco:CharacterString>No major changes since previous version.</gco:CharacterString>
                    </otherCitationDetails>
                </CI_Citation>
            </citation>
            <abstract>
                <gco:CharacterString>The borough boundaries of New York City including portions of the borough under water.</gco:CharacterString>
            </abstract>
            <purpose>
                <gco:CharacterString>These districts were created by the Department of City Planning to aid city agencies in administering public services.</gco:CharacterString>
            </purpose>
            <credit>
                <gco:CharacterString>Department of City Planning.</gco:CharacterString>
            </credit>
            <status>
                <MD_ProgressCode codeList="http://www.isotc211.org/2005/resources/Codelist/gmxCodelists.xml#MD_ProgressCode" codeListValue="completed" codeSpace="ISOTC211/19115">completed</MD_ProgressCode>
            </status>
            <pointOfContact>
                <CI_ResponsibleParty>
                    <organisationName>
                        <gco:CharacterString>New York City Department of City Planning</gco:CharacterString>
                    </organisationName>
                    <contactInfo>
                        <CI_Contact>
                            <address>
                                <CI_Address>
                                    <deliveryPoint>
                                        <gco:CharacterString>120 Broadway, 31st Floor</gco:CharacterString>
                                    </deliveryPoint>
                                    <city>
                                        <gco:CharacterString>New York</gco:CharacterString>
                                    </city>
                                    <administrativeArea>
                                        <gco:CharacterString>NY</gco:CharacterString>
                                    </administrativeArea>
                                    <postalCode>
                                        <gco:CharacterString>10271</gco:CharacterString>
                                    </postalCode>
                                    <country>
                                        <Country codeList="http://www.iso.org/iso/country_codes/iso_3166_code_lists.htm" codeListValue="US" codeSpace="ISO3166-1">US</Country>
                                    </country>
                                </CI_Address>
                            </address>
                        </CI_Contact>
                    </contactInfo>
                    <role>
                        <CI_RoleCode codeList="http://www.isotc211.org/2005/resources/Codelist/gmxCodelists.xml#CI_RoleCode" codeListValue="pointOfContact" codeSpace="ISOTC211/19115">pointOfContact</CI_RoleCode>
                    </role>
                </CI_ResponsibleParty>
            </pointOfContact>
            <resourceMaintenance>
                <MD_MaintenanceInformation>
                    <maintenanceAndUpdateFrequency>
                        <MD_MaintenanceFrequencyCode codeList="http://www.isotc211.org/2005/resources/Codelist/gmxCodelists.xml#MD_MaintenanceFrequencyCode" codeListValue="quarterly" codeSpace="ISOTC211/19115">quarterly</MD_MaintenanceFrequencyCode>
                    </maintenanceAndUpdateFrequency>
                </MD_MaintenanceInformation>
            </resourceMaintenance>
            <descriptiveKeywords>
                <MD_Keywords>
                    <keyword>
                        <gco:CharacterString>New York</gco:CharacterString>
                    </keyword>
                    <keyword>
                        <gco:CharacterString>Manhattan</gco:CharacterString>
                    </keyword>
                    <keyword>
                        <gco:CharacterString>Queens</gco:CharacterString>
                    </keyword>
                    <keyword>
                        <gco:CharacterString>Brooklyn</gco:CharacterString>
                    </keyword>
                    <keyword>
                        <gco:CharacterString>Richmond</gco:CharacterString>
                    </keyword>
                    <keyword>
                        <gco:CharacterString>Bronx</gco:CharacterString>
                    </keyword>
                    <keyword>
                        <gco:CharacterString>Kings</gco:CharacterString>
                    </keyword>
                    <keyword>
                        <gco:CharacterString>Staten Island</gco:CharacterString>
                    </keyword>
                    <keyword>
                        <gco:CharacterString>New York City</gco:CharacterString>
                    </keyword>
                    <type>
                        <MD_KeywordTypeCode codeList="http://www.isotc211.org/2005/resources/Codelist/gmxCodelists.xml#MD_KeywordTypeCode" codeListValue="place" codeSpace="ISOTC211/19115">place</MD_KeywordTypeCode>
                    </type>
                </MD_Keywords>
            </descriptiveKeywords>
            <descriptiveKeywords>
                <MD_Keywords>
                    <keyword>
                        <gco:CharacterString>New York</gco:CharacterString>
                    </keyword>
                    <keyword>
                        <gco:CharacterString>Manhattan</gco:CharacterString>
                    </keyword>
                    <keyword>
                        <gco:CharacterString>Queens</gco:CharacterString>
                    </keyword>
                    <keyword>
                        <gco:CharacterString>Brooklyn</gco:CharacterString>
                    </keyword>
                    <keyword>
                        <gco:CharacterString>Richmond</gco:CharacterString>
                    </keyword>
                    <keyword>
                        <gco:CharacterString>Bronx</gco:CharacterString>
                    </keyword>
                    <keyword>
                        <gco:CharacterString>Kings</gco:CharacterString>
                    </keyword>
                    <keyword>
                        <gco:CharacterString>Staten Island</gco:CharacterString>
                    </keyword>
                    <keyword>
                        <gco:CharacterString>New York City</gco:CharacterString>
                    </keyword>
                    <type>
                        <MD_KeywordTypeCode codeList="http://www.isotc211.org/2005/resources/Codelist/gmxCodelists.xml#MD_KeywordTypeCode" codeListValue="place" codeSpace="ISOTC211/19115">place</MD_KeywordTypeCode>
                    </type>
                </MD_Keywords>
            </descriptiveKeywords>
            <descriptiveKeywords>
                <MD_Keywords>
                    <keyword>
                        <gco:CharacterString>New York</gco:CharacterString>
                    </keyword>
                    <keyword>
                        <gco:CharacterString>Manhattan</gco:CharacterString>
                    </keyword>
                    <keyword>
                        <gco:CharacterString>Queens</gco:CharacterString>
                    </keyword>
                    <keyword>
                        <gco:CharacterString>Brooklyn</gco:CharacterString>
                    </keyword>
                    <keyword>
                        <gco:CharacterString>Richmond</gco:CharacterString>
                    </keyword>
                    <keyword>
                        <gco:CharacterString>Bronx</gco:CharacterString>
                    </keyword>
                    <keyword>
                        <gco:CharacterString>Kings</gco:CharacterString>
                    </keyword>
                    <keyword>
                        <gco:CharacterString>Staten Island</gco:CharacterString>
                    </keyword>
                    <keyword>
                        <gco:CharacterString>New York City</gco:CharacterString>
                    </keyword>
                    <type>
                        <MD_KeywordTypeCode codeList="http://www.isotc211.org/2005/resources/Codelist/gmxCodelists.xml#MD_KeywordTypeCode" codeListValue="place" codeSpace="ISOTC211/19115">place</MD_KeywordTypeCode>
                    </type>
                </MD_Keywords>
            </descriptiveKeywords>
            <descriptiveKeywords>
                <MD_Keywords>
                    <keyword>
                        <gco:CharacterString>New York</gco:CharacterString>
                    </keyword>
                    <keyword>
                        <gco:CharacterString>Manhattan</gco:CharacterString>
                    </keyword>
                    <keyword>
                        <gco:CharacterString>Queens</gco:CharacterString>
                    </keyword>
                    <keyword>
                        <gco:CharacterString>Brooklyn</gco:CharacterString>
                    </keyword>
                    <keyword>
                        <gco:CharacterString>Richmond</gco:CharacterString>
                    </keyword>
                    <keyword>
                        <gco:CharacterString>Bronx</gco:CharacterString>
                    </keyword>
                    <keyword>
                        <gco:CharacterString>Kings</gco:CharacterString>
                    </keyword>
                    <keyword>
                        <gco:CharacterString>Staten Island</gco:CharacterString>
                    </keyword>
                    <keyword>
                        <gco:CharacterString>New York City</gco:CharacterString>
                    </keyword>
                    <type>
                        <MD_KeywordTypeCode codeList="http://www.isotc211.org/2005/resources/Codelist/gmxCodelists.xml#MD_KeywordTypeCode" codeListValue="place" codeSpace="ISOTC211/19115">place</MD_KeywordTypeCode>
                    </type>
                </MD_Keywords>
            </descriptiveKeywords>
            <descriptiveKeywords>
                <MD_Keywords>
                    <keyword>
                        <gco:CharacterString>New York</gco:CharacterString>
                    </keyword>
                    <keyword>
                        <gco:CharacterString>Manhattan</gco:CharacterString>
                    </keyword>
                    <keyword>
                        <gco:CharacterString>Queens</gco:CharacterString>
                    </keyword>
                    <keyword>
                        <gco:CharacterString>Brooklyn</gco:CharacterString>
                    </keyword>
                    <keyword>
                        <gco:CharacterString>Richmond</gco:CharacterString>
                    </keyword>
                    <keyword>
                        <gco:CharacterString>Bronx</gco:CharacterString>
                    </keyword>
                    <keyword>
                        <gco:CharacterString>Kings</gco:CharacterString>
                    </keyword>
                    <keyword>
                        <gco:CharacterString>Staten Island</gco:CharacterString>
                    </keyword>
                    <keyword>
                        <gco:CharacterString>New York City</gco:CharacterString>
                    </keyword>
                    <type>
                        <MD_KeywordTypeCode codeList="http://www.isotc211.org/2005/resources/Codelist/gmxCodelists.xml#MD_KeywordTypeCode" codeListValue="place" codeSpace="ISOTC211/19115">place</MD_KeywordTypeCode>
                    </type>
                </MD_Keywords>
            </descriptiveKeywords>
            <descriptiveKeywords>
                <MD_Keywords>
                    <keyword>
                        <gco:CharacterString>New York</gco:CharacterString>
                    </keyword>
                    <keyword>
                        <gco:CharacterString>Manhattan</gco:CharacterString>
                    </keyword>
                    <keyword>
                        <gco:CharacterString>Queens</gco:CharacterString>
                    </keyword>
                    <keyword>
                        <gco:CharacterString>Brooklyn</gco:CharacterString>
                    </keyword>
                    <keyword>
                        <gco:CharacterString>Richmond</gco:CharacterString>
                    </keyword>
                    <keyword>
                        <gco:CharacterString>Bronx</gco:CharacterString>
                    </keyword>
                    <keyword>
                        <gco:CharacterString>Kings</gco:CharacterString>
                    </keyword>
                    <keyword>
                        <gco:CharacterString>Staten Island</gco:CharacterString>
                    </keyword>
                    <keyword>
                        <gco:CharacterString>New York City</gco:CharacterString>
                    </keyword>
                    <type>
                        <MD_KeywordTypeCode codeList="http://www.isotc211.org/2005/resources/Codelist/gmxCodelists.xml#MD_KeywordTypeCode" codeListValue="place" codeSpace="ISOTC211/19115">place</MD_KeywordTypeCode>
                    </type>
                </MD_Keywords>
            </descriptiveKeywords>
            <descriptiveKeywords>
                <MD_Keywords>
                    <keyword>
                        <gco:CharacterString>New York</gco:CharacterString>
                    </keyword>
                    <keyword>
                        <gco:CharacterString>Manhattan</gco:CharacterString>
                    </keyword>
                    <keyword>
                        <gco:CharacterString>Queens</gco:CharacterString>
                    </keyword>
                    <keyword>
                        <gco:CharacterString>Brooklyn</gco:CharacterString>
                    </keyword>
                    <keyword>
                        <gco:CharacterString>Richmond</gco:CharacterString>
                    </keyword>
                    <keyword>
                        <gco:CharacterString>Bronx</gco:CharacterString>
                    </keyword>
                    <keyword>
                        <gco:CharacterString>Kings</gco:CharacterString>
                    </keyword>
                    <keyword>
                        <gco:CharacterString>Staten Island</gco:CharacterString>
                    </keyword>
                    <keyword>
                        <gco:CharacterString>New York City</gco:CharacterString>
                    </keyword>
                    <type>
                        <MD_KeywordTypeCode codeList="http://www.isotc211.org/2005/resources/Codelist/gmxCodelists.xml#MD_KeywordTypeCode" codeListValue="place" codeSpace="ISOTC211/19115">place</MD_KeywordTypeCode>
                    </type>
                </MD_Keywords>
            </descriptiveKeywords>
            <descriptiveKeywords>
                <MD_Keywords>
                    <keyword>
                        <gco:CharacterString>New York</gco:CharacterString>
                    </keyword>
                    <keyword>
                        <gco:CharacterString>Manhattan</gco:CharacterString>
                    </keyword>
                    <keyword>
                        <gco:CharacterString>Queens</gco:CharacterString>
                    </keyword>
                    <keyword>
                        <gco:CharacterString>Brooklyn</gco:CharacterString>
                    </keyword>
                    <keyword>
                        <gco:CharacterString>Richmond</gco:CharacterString>
                    </keyword>
                    <keyword>
                        <gco:CharacterString>Bronx</gco:CharacterString>
                    </keyword>
                    <keyword>
                        <gco:CharacterString>Kings</gco:CharacterString>
                    </keyword>
                    <keyword>
                        <gco:CharacterString>Staten Island</gco:CharacterString>
                    </keyword>
                    <keyword>
                        <gco:CharacterString>New York City</gco:CharacterString>
                    </keyword>
                    <type>
                        <MD_KeywordTypeCode codeList="http://www.isotc211.org/2005/resources/Codelist/gmxCodelists.xml#MD_KeywordTypeCode" codeListValue="place" codeSpace="ISOTC211/19115">place</MD_KeywordTypeCode>
                    </type>
                </MD_Keywords>
            </descriptiveKeywords>
            <descriptiveKeywords>
                <MD_Keywords>
                    <keyword>
                        <gco:CharacterString>New York</gco:CharacterString>
                    </keyword>
                    <keyword>
                        <gco:CharacterString>Manhattan</gco:CharacterString>
                    </keyword>
                    <keyword>
                        <gco:CharacterString>Queens</gco:CharacterString>
                    </keyword>
                    <keyword>
                        <gco:CharacterString>Brooklyn</gco:CharacterString>
                    </keyword>
                    <keyword>
                        <gco:CharacterString>Richmond</gco:CharacterString>
                    </keyword>
                    <keyword>
                        <gco:CharacterString>Bronx</gco:CharacterString>
                    </keyword>
                    <keyword>
                        <gco:CharacterString>Kings</gco:CharacterString>
                    </keyword>
                    <keyword>
                        <gco:CharacterString>Staten Island</gco:CharacterString>
                    </keyword>
                    <keyword>
                        <gco:CharacterString>New York City</gco:CharacterString>
                    </keyword>
                    <type>
                        <MD_KeywordTypeCode codeList="http://www.isotc211.org/2005/resources/Codelist/gmxCodelists.xml#MD_KeywordTypeCode" codeListValue="place" codeSpace="ISOTC211/19115">place</MD_KeywordTypeCode>
                    </type>
                </MD_Keywords>
            </descriptiveKeywords>
            <descriptiveKeywords>
                <MD_Keywords>
                    <keyword>
                        <gco:CharacterString>boundaries</gco:CharacterString>
                    </keyword>
                    <keyword>
                        <gco:CharacterString>boundary</gco:CharacterString>
                    </keyword>
                    <keyword>
                        <gco:CharacterString>borough</gco:CharacterString>
                    </keyword>
                    <type>
                        <MD_KeywordTypeCode codeList="http://www.isotc211.org/2005/resources/Codelist/gmxCodelists.xml#MD_KeywordTypeCode" codeListValue="theme" codeSpace="ISOTC211/19115">theme</MD_KeywordTypeCode>
                    </type>
                </MD_Keywords>
            </descriptiveKeywords>
            <descriptiveKeywords>
                <MD_Keywords>
                    <keyword>
                        <gco:CharacterString>boundaries</gco:CharacterString>
                    </keyword>
                    <keyword>
                        <gco:CharacterString>boundary</gco:CharacterString>
                    </keyword>
                    <keyword>
                        <gco:CharacterString>borough</gco:CharacterString>
                    </keyword>
                    <type>
                        <MD_KeywordTypeCode codeList="http://www.isotc211.org/2005/resources/Codelist/gmxCodelists.xml#MD_KeywordTypeCode" codeListValue="theme" codeSpace="ISOTC211/19115">theme</MD_KeywordTypeCode>
                    </type>
                </MD_Keywords>
            </descriptiveKeywords>
            <descriptiveKeywords>
                <MD_Keywords>
                    <keyword>
                        <gco:CharacterString>boundaries</gco:CharacterString>
                    </keyword>
                    <keyword>
                        <gco:CharacterString>boundary</gco:CharacterString>
                    </keyword>
                    <keyword>
                        <gco:CharacterString>borough</gco:CharacterString>
                    </keyword>
                    <type>
                        <MD_KeywordTypeCode codeList="http://www.isotc211.org/2005/resources/Codelist/gmxCodelists.xml#MD_KeywordTypeCode" codeListValue="theme" codeSpace="ISOTC211/19115">theme</MD_KeywordTypeCode>
                    </type>
                </MD_Keywords>
            </descriptiveKeywords>
            <descriptiveKeywords>
                <MD_Keywords>
                    <keyword>
                        <gco:CharacterString>Downloadable Data</gco:CharacterString>
                    </keyword>
                    <thesaurusName uuidref="723f6998-058e-11dc-8314-0800200c9a66"/>
                </MD_Keywords>
            </descriptiveKeywords>
            <resourceConstraints>
                <MD_Constraints>
                    <useLimitation>
                        <gco:CharacterString>This dataset is being provided by the Department of City Planning (DCP) on DCP’s website for informational purposes only. DCP does not warranty the completeness, accuracy, content, or fitness for any particular purpose or use of the dataset, nor are any such warranties to be implied or inferred with respect to the dataset as furnished on the website. DCP and the City are not liable for any deficiencies in the completeness, accuracy, content, or fitness for any particular purpose or use the dataset, or applications utilizing the dataset, provided by any third party.</gco:CharacterString>
                    </useLimitation>
                </MD_Constraints>
            </resourceConstraints>
            <resourceConstraints>
                <MD_LegalConstraints>
                    <otherConstraints>
                        <gco:CharacterString>The data is freely available to all New York City agencies and the public.</gco:CharacterString>
                    </otherConstraints>
                </MD_LegalConstraints>
            </resourceConstraints>
            <resourceConstraints>
                <MD_SecurityConstraints>
                    <classification>
                        <MD_ClassificationCode codeList="http://www.isotc211.org/2005/resources/Codelist/gmxCodelists.xml#MD_ClassificationCode" codeListValue="unclassified" codeSpace="ISOTC211/19115">unclassified</MD_ClassificationCode>
                    </classification>
                </MD_SecurityConstraints>
            </resourceConstraints>
            <spatialRepresentationType>
                <MD_SpatialRepresentationTypeCode codeList="http://www.isotc211.org/2005/resources/Codelist/gmxCodelists.xml#MD_SpatialRepresentationTypeCode" codeListValue="vector" codeSpace="ISOTC211/19115">vector</MD_SpatialRepresentationTypeCode>
            </spatialRepresentationType>
            <language>
                <LanguageCode codeList="http://www.loc.gov/standards/iso639-2/php/code_list.php" codeListValue="eng" codeSpace="ISO639-2">eng</LanguageCode>
            </language>
            <characterSet>
                <MD_CharacterSetCode codeList="http://www.isotc211.org/2005/resources/Codelist/gmxCodelists.xml#MD_CharacterSetCode" codeListValue="utf8" codeSpace="ISOTC211/19115">utf8</MD_CharacterSetCode>
            </characterSet>
            <topicCategory>
                <MD_TopicCategoryCode>boundaries</MD_TopicCategoryCode>
            </topicCategory>
            <environmentDescription>
                <gco:CharacterString>Version 6.2 (Build 9200) ; Esri ArcGIS 10.6.0.8321</gco:CharacterString>
            </environmentDescription>
            <extent>
                <EX_Extent>
                    <description>
                        <gco:CharacterString>ground condition</gco:CharacterString>
                    </description>
                </EX_Extent>
            </extent>
            <extent>
                <EX_Extent>
                    <geographicElement>
                        <EX_GeographicBoundingBox>
                            <extentTypeCode>
                                <gco:Boolean>true</gco:Boolean>
                            </extentTypeCode>
                            <westBoundLongitude>
                                <gco:Decimal>-74.26038</gco:Decimal>
                            </westBoundLongitude>
                            <eastBoundLongitude>
                                <gco:Decimal>-73.699206</gco:Decimal>
                            </eastBoundLongitude>
                            <southBoundLatitude>
                                <gco:Decimal>40.485808</gco:Decimal>
                            </southBoundLatitude>
                            <northBoundLatitude>
                                <gco:Decimal>40.917691</gco:Decimal>
                            </northBoundLatitude>
                        </EX_GeographicBoundingBox>
                    </geographicElement>
                </EX_Extent>
            </extent>
        </MD_DataIdentification>
    </identificationInfo>
    <distributionInfo>
        <MD_Distribution>
            <distributionFormat>
                <MD_Format>
                    <name>
                        <gco:CharacterString>ESRI Shapefile</gco:CharacterString>
                    </name>
                    <version>
                        <gco:CharacterString>Open Specification</gco:CharacterString>
                    </version>
                </MD_Format>
            </distributionFormat>
            <distributor>
                <MD_Distributor>
                    <distributorContact>
                        <CI_ResponsibleParty>
                            <organisationName>
                                <gco:CharacterString>New York City Department of City Planning</gco:CharacterString>
                            </organisationName>
                            <contactInfo>
                                <CI_Contact>
                                    <address>
                                        <CI_Address>
                                            <deliveryPoint>
                                                <gco:CharacterString>120 Broadway, 31st Floor</gco:CharacterString>
                                            </deliveryPoint>
                                            <city>
                                                <gco:CharacterString>New York</gco:CharacterString>
                                            </city>
                                            <administrativeArea>
                                                <gco:CharacterString>New York</gco:CharacterString>
                                            </administrativeArea>
                                            <postalCode>
                                                <gco:CharacterString>10271</gco:CharacterString>
                                            </postalCode>
                                            <country>
                                                <Country codeList="http://www.iso.org/iso/country_codes/iso_3166_code_lists.htm" codeListValue="US" codeSpace="ISO3166-1">US</Country>
                                            </country>
                                        </CI_Address>
                                    </address>
                                    <contactInstructions>
                                        <gco:CharacterString>Available at the following website: https://www1.nyc.gov/site/planning/data-maps/open-data.page</gco:CharacterString>
                                    </contactInstructions>
                                </CI_Contact>
                            </contactInfo>
                            <role>
                                <CI_RoleCode codeList="http://www.isotc211.org/2005/resources/Codelist/gmxCodelists.xml#CI_RoleCode" codeListValue="distributor" codeSpace="ISOTC211/19115">distributor</CI_RoleCode>
                            </role>
                        </CI_ResponsibleParty>
                    </distributorContact>
                    <distributionOrderProcess>
                        <MD_StandardOrderProcess>
                            <fees>
                                <gco:CharacterString>Free</gco:CharacterString>
                            </fees>
                        </MD_StandardOrderProcess>
                    </distributionOrderProcess>
                </MD_Distributor>
            </distributor>
            <transferOptions>
                <MD_DigitalTransferOptions/>
            </transferOptions>
        </MD_Distribution>
    </distributionInfo>
    <dataQualityInfo>
        <DQ_DataQuality>
            <scope>
                <DQ_Scope>
                    <level>
                        <MD_ScopeCode codeList="http://www.isotc211.org/2005/resources/Codelist/gmxCodelists.xml#MD_ScopeCode" codeListValue="dataset" codeSpace="ISOTC211/19115">dataset</MD_ScopeCode>
                    </level>
                </DQ_Scope>
            </scope>
            <report>
                <DQ_CompletenessOmission>
                    <measureDescription>
                        <gco:CharacterString>These data are accurate as of the redistricting after the US Census 2010.</gco:CharacterString>
                    </measureDescription>
                    <result gco:nilReason="missing"/>
                </DQ_CompletenessOmission>
            </report>
            <report>
                <DQ_AbsoluteExternalPositionalAccuracy>
                    <measureDescription>
                        <gco:CharacterString>The District files are created from the same release version of the Department of City Planning LION file. The LION file is spatially aligned with NYCMap aerial photography.</gco:CharacterString>
                    </measureDescription>
                    <result gco:nilReason="missing"/>
                </DQ_AbsoluteExternalPositionalAccuracy>
            </report>
        </DQ_DataQuality>
    </dataQualityInfo>
    <metadataMaintenance>
        <MD_MaintenanceInformation>
            <maintenanceAndUpdateFrequency>
                <MD_MaintenanceFrequencyCode codeList="http://www.isotc211.org/2005/resources/Codelist/gmxCodelists.xml#MD_MaintenanceFrequencyCode" codeListValue="quarterly" codeSpace="ISOTC211/19115">quarterly</MD_MaintenanceFrequencyCode>
            </maintenanceAndUpdateFrequency>
        </MD_MaintenanceInformation>
    </metadataMaintenance>
</MD_Metadata>
